Composite,blm_x,blsd_x,sm_x,ssd_x,com_x,cosd_x,Em_x,Ev_x,Esd_x,bvsdm_x,devvm_x,vi_x,pd_x,via_x,pm_x,pa_x,pv_x,lsd_x,asd_x,vm_x,m_x,d_x,va_x,GII_x,k,TCC
Ba3V4ZnO14,2.463708151,0.491650414,0.477941317,0.402045344,0.201900745,0.250271628,233.2610389,14.61632647,113.8263245,0.408254573,0.916922273,107.6100185,0.306496878,4.891364477,62.0155,2.818886364,0.176633713,3.220532294,8.963312051,351.0966223,905.1286,2.578004295,15.95893738,0.2442,10.8,156.2
