Composite,blm_x,blsd_x,sm_x,ssd_x,com_x,cosd_x,Em_x,Ev_x,Esd_x,bvsdm_x,devvm_x,vi_x,pd_x,via_x,pm_x,pa_x,pv_x,lsd_x,asd_x,vm_x,m_x,d_x,va_x,GII_x,k,TCC
Bi2Te2W3O16,2.107010298,0.216427111,0.741719906,0.30484164,0.352974241,0.231829269,418.4048934,29.04634479,87.42824996,0.37069573,0.894580435,113.76754,0.343388119,4.946414783,71.0366,3.088547826,0.214411988,6.608604308,16.10653129,331.3089003,1480.6712,4.469156123,14.40473479,0.8688,34.5,-
