Composite,blm_x,blsd_x,sm_x,ssd_x,com_x,cosd_x,Em_x,Ev_x,Esd_x,bvsdm_x,devvm_x,vi_x,pd_x,via_x,pm_x,pa_x,pv_x,lsd_x,asd_x,vm_x,m_x,d_x,va_x,GII_x,k,TCC
Bi2W2O9,2.20395838,0.228540271,0.616297372,0.260506418,0.246798892,0.165788737,401.6306015,28.6001628,91.16167682,0.241721741,0.911075641,64.88435917,0.355417147,4.991104552,40.2975,3.099807692,0.220737674,9.006566388,0,182.5583252,929.6354,5.092265166,14.04294809,0.2791,32.5,-
