Composite,blm_x,blsd_x,sm_x,ssd_x,com_x,cosd_x,Em_x,Ev_x,Esd_x,bvsdm_x,devvm_x,vi_x,pd_x,via_x,pm_x,pa_x,pv_x,lsd_x,asd_x,vm_x,m_x,d_x,va_x,GII_x,k,TCC
BiTaO4,2.157388448,0.192759353,0.657611378,0.206626845,0.264777034,0.126764247,405.6536031,29.97655136,75.65591617,0.241004316,0.977019167,30.16766654,0.371549601,5.027944423,18.267,3.0445,0.224979169,1.017451723,5.24135904,81.19418373,453.9259,5.590620894,13.53236395,0.0882,43.5,-
