Composite,blm_x,blsd_x,sm_x,ssd_x,com_x,cosd_x,Em_x,Ev_x,Esd_x,bvsdm_x,devvm_x,vi_x,pd_x,via_x,pm_x,pa_x,pv_x,lsd_x,asd_x,vm_x,m_x,d_x,va_x,GII_x,k,TCC
LiBiW2O8,2.148026176,0.181202037,0.552079264,0.327981309,0.221510503,0.200218386,393.687075,29.86432711,94.69243585,0.348788897,0.881338889,58.09851915,0.367269948,4.841543263,31.6732,2.639433333,0.200222221,2.677459507,11.31353168,158.1902342,711.5966,4.498359861,13.18251952,0.3215,26.5,-140
