Composite,blm_x,blsd_x,sm_x,ssd_x,com_x,cosd_x,Em_x,Ev_x,Esd_x,bvsdm_x,devvm_x,vi_x,pd_x,via_x,pm_x,pa_x,pv_x,lsd_x,asd_x,vm_x,m_x,d_x,va_x,GII_x,k,TCC
LiZnVO4,1.928139873,0.097907774,0.527209566,0.344674663,0.2280369,0.208500144,291.843992,21.31962608,98.23507592,0.27525082,0.945102143,29.25869908,0.305341475,4.179814154,14.694,2.099142857,0.153345424,2.257941586,14.14213562,95.82287872,187.2701,1.954335984,13.68898267,0.1765,7.55,224
